County,State,Total:,Hispanic or Latino,Not Hispanic or Latino:,Population of one race:,White alone,Black or African American alone,American Indian and Alaska Native alone,Asian alone,Native Hawaiian and Other Pacific Islander alone,Some Other Race alone,Population of two or more races:
Connecticut,Connecticut,"3,605,944","623,293","2,982,651","2,845,082","2,279,232","360,937","6,404","170,459",974,"27,076","137,569"
Fairfield County,Connecticut,"957,419","205,351","752,068","715,131","552,125","99,992",858,"50,751",173,"11,232","36,937"
Hartford County,Connecticut,"899,498","166,275","733,223","701,581","523,105","118,154","1,166","53,325",172,"5,659","31,642"
Litchfield County,Connecticut,"185,186","14,580","170,606","163,254","155,601","2,957",268,"3,434",63,931,"7,352"
Middlesex County,Connecticut,"164,245","11,928","152,317","145,879","131,954","8,001",214,"4,923",43,744,"6,438"
New Haven County,Connecticut,"864,835","170,081","694,754","664,569","509,688","110,273","1,413","36,995",247,"5,953","30,185"
New London County,Connecticut,"268,555","30,920","237,635","223,556","194,894","14,422","1,977","10,633",215,"1,415","14,079"
Tolland County,Connecticut,"149,788","9,699","140,089","134,395","120,021","5,074",182,"8,438",44,636,"5,694"
Windham County,Connecticut,"116,418","14,459","101,959","96,717","91,844","2,064",326,"1,960",17,506,"5,242"
Delaware,Delaware,"989,948","104,290","885,658","842,635","579,851","212,960","2,521","42,398",304,"4,601","43,023"
Kent County,Delaware,"181,851","13,981","167,870","156,943","104,845","45,737",864,"4,362",107,"1,028","10,927"
New Castle County,Delaware,"570,719","63,516","507,203","484,250","303,265","142,388",893,"35,022",127,"2,555","22,953"
Sussex County,Delaware,"237,378","26,793","210,585","201,442","171,741","24,835",764,"3,014",70,"1,018","9,143"
Kentucky,Kentucky,"4,505,836","207,854","4,297,982","4,122,619","3,664,764","357,764","8,080","73,843","3,462","14,706","175,363"
Adair County,Kentucky,"18,903",643,"18,260","17,707","17,044",498,26,63,6,70,553
Allen County,Kentucky,"20,588",574,"20,014","19,325","18,987",204,38,48,7,41,689
Anderson County,Kentucky,"23,852",521,"23,331","22,362","21,654",482,50,104,4,68,969
Ballard County,Kentucky,"7,728",93,"7,635","7,323","7,074",208,7,29,0,5,312
Barren County,Kentucky,"44,485","1,889","42,596","41,042","38,804","1,697",73,255,53,160,"1,554"
Bath County,Kentucky,"12,750",182,"12,568","12,288","12,125",127,4,16,1,15,280
Bell County,Kentucky,"24,097",244,"23,853","23,079","22,311",552,32,122,4,58,774
Boone County,Kentucky,"135,968","7,707","128,261","122,225","112,602","5,609",194,"3,048",307,465,"6,036"
Bourbon County,Kentucky,"20,252","1,486","18,766","17,986","16,770","1,033",28,77,8,70,780
Boyd County,Kentucky,"48,261",714,"47,547","45,829","44,035","1,306",89,277,6,116,"1,718"
Boyle County,Kentucky,"30,614","1,490","29,124","27,728","25,074","2,155",38,361,3,97,"1,396"
Bracken County,Kentucky,"8,400",90,"8,310","8,045","7,964",48,14,13,0,6,265
Breathitt County,Kentucky,"13,718",93,"13,625","13,154","13,038",57,11,37,11,0,471
Breckinridge County,Kentucky,"20,432",284,"20,148","19,313","18,743",422,43,38,3,64,835
Bullitt County,Kentucky,"82,217","2,117","80,100","76,635","74,787","1,031",177,445,23,172,"3,465"
Butler County,Kentucky,"12,371",592,"11,779","11,454","11,370",15,22,21,3,23,325
Caldwell County,Kentucky,"12,649",198,"12,451","11,949","11,190",654,21,53,2,29,502
Calloway County,Kentucky,"37,103","1,353","35,750","34,135","32,235","1,293",53,433,11,110,"1,615"
Campbell County,Kentucky,"93,076","2,309","90,767","87,080","82,743","2,796",117,"1,024",30,370,"3,687"
Carlisle County,Kentucky,"4,826",133,"4,693","4,539","4,443",59,27,10,0,0,154
Carroll County,Kentucky,"10,810",795,"10,015","9,648","9,401",169,20,44,3,11,367
Carter County,Kentucky,"26,627",254,"26,373","25,769","25,425",209,45,58,1,31,604
Casey County,Kentucky,"15,941",539,"15,402","15,052","14,836",81,42,52,1,40,350
Christian County,Kentucky,"72,748","5,752","66,996","63,323","46,400","15,221",272,939,211,280,"3,673"
Clark County,Kentucky,"36,972","1,477","35,495","34,267","32,267","1,635",63,209,14,79,"1,228"
Clay County,Kentucky,"20,345",353,"19,992","19,581","18,686",816,26,21,11,21,411
Clinton County,Kentucky,"9,253",245,"9,008","8,757","8,680",39,10,10,3,15,251
Crittenden County,Kentucky,"8,990",113,"8,877","8,648","8,524",82,15,5,5,17,229
Cumberland County,Kentucky,"5,888",77,"5,811","5,610","5,445",150,1,2,6,6,201
Daviess County,Kentucky,"103,312","4,145","99,167","95,071","87,327","4,827",130,"2,417",59,311,"4,096"
Edmonson County,Kentucky,"12,126",156,"11,970","11,661","11,486",98,31,32,7,7,309
Elliott County,Kentucky,"7,354",91,"7,263","7,160","6,875",246,14,10,0,15,103
Estill County,Kentucky,"14,163",131,"14,032","13,690","13,619",30,23,7,0,11,342
Fayette County,Kentucky,"322,570","29,750","292,820","278,498","215,343","47,501",480,"13,374",133,"1,667","14,322"
Fleming County,Kentucky,"15,082",218,"14,864","14,546","14,314",148,22,17,3,42,318
Floyd County,Kentucky,"35,942",308,"35,634","34,934","34,654",121,28,96,1,34,700
Franklin County,Kentucky,"51,541","2,047","49,494","47,074","41,282","4,444",91,"1,031",14,212,"2,420"
Fulton County,Kentucky,"6,515",151,"6,364","6,067","4,566","1,433",13,17,11,27,297
Gallatin County,Kentucky,"8,690",492,"8,198","7,871","7,762",74,4,13,7,11,327
Garrard County,Kentucky,"16,953",451,"16,502","15,857","15,433",301,27,51,8,37,645
Grant County,Kentucky,"24,941",741,"24,200","23,208","22,823",179,51,66,33,56,992
Graves County,Kentucky,"36,649","2,773","33,876","32,426","30,527","1,551",96,173,3,76,"1,450"
Grayson County,Kentucky,"26,420",364,"26,056","25,308","24,756",308,71,96,2,75,748
Green County,Kentucky,"11,107",199,"10,908","10,596","10,361",160,17,28,2,28,312
Greenup County,Kentucky,"35,962",317,"35,645","34,579","33,974",219,68,230,5,83,"1,066"
Hancock County,Kentucky,"9,095",162,"8,933","8,717","8,586",79,4,34,0,14,216
Hardin County,Kentucky,"110,702","6,695","104,007","97,213","81,085","12,510",378,"2,243",400,597,"6,794"
Harlan County,Kentucky,"26,831",265,"26,566","25,729","25,001",541,54,85,0,48,837
Harrison County,Kentucky,"18,692",387,"18,305","17,643","17,216",307,26,46,1,47,662
Hart County,Kentucky,"19,288",334,"18,954","18,311","17,492",705,33,45,6,30,643
Henderson County,Kentucky,"44,793","1,368","43,425","41,480","37,323","3,632",78,239,41,167,"1,945"
Henry County,Kentucky,"15,678",545,"15,133","14,539","14,065",349,45,35,0,45,594
Hickman County,Kentucky,"4,521",102,"4,419","4,264","3,866",380,6,11,0,1,155
Hopkins County,Kentucky,"45,423","1,126","44,297","42,404","39,054","2,902",70,230,29,119,"1,893"
Jackson County,Kentucky,"12,955",96,"12,859","12,591","12,509",12,36,19,4,11,268
Jefferson County,Kentucky,"782,969","59,021","723,948","689,969","490,251","167,067","1,441","26,944",559,"3,707","33,979"
Jessamine County,Kentucky,"52,991","2,384","50,607","48,402","45,191","2,247",106,658,27,173,"2,205"
Johnson County,Kentucky,"22,680",198,"22,482","22,062","21,860",42,39,101,4,16,420
Kenton County,Kentucky,"169,064","7,741","161,323","153,267","142,167","8,061",234,"2,015",241,549,"8,056"
Knott County,Kentucky,"14,251",90,"14,161","13,911","13,813",65,8,18,0,7,250
Knox County,Kentucky,"30,193",347,"29,846","28,992","28,509",281,82,85,1,34,854
Larue County,Kentucky,"14,867",479,"14,388","13,814","13,299",377,47,29,15,47,574
Laurel County,Kentucky,"62,613","1,011","61,602","59,613","58,503",440,143,426,4,97,"1,989"
Lawrence County,Kentucky,"16,293",148,"16,145","15,811","15,721",36,2,23,4,25,334
Lee County,Kentucky,"7,395",60,"7,335","7,187","6,887",280,1,0,0,19,148
Leslie County,Kentucky,"10,513",72,"10,441","10,243","10,170",39,15,15,0,4,198
Letcher County,Kentucky,"21,548",133,"21,415","20,974","20,773",87,30,57,0,27,441
Lewis County,Kentucky,"13,080",83,"12,997","12,672","12,599",36,18,9,4,6,325
Lincoln County,Kentucky,"24,275",475,"23,800","23,093","22,493",459,33,60,2,46,707
Livingston County,Kentucky,"8,888",186,"8,702","8,308","8,232",25,19,12,6,14,394
Logan County,Kentucky,"27,432",853,"26,579","25,593","23,681","1,680",43,95,2,92,986
Lyon County,Kentucky,"8,680",152,"8,528","8,320","7,733",507,25,34,0,21,208
McCracken County,Kentucky,"67,875","2,135","65,740","62,411","53,801","7,539",170,660,18,223,"3,329"
McCreary County,Kentucky,"16,888",365,"16,523","16,090","15,072",908,58,32,3,17,433
McLean County,Kentucky,"9,152",164,"8,988","8,791","8,691",47,10,13,2,28,197
Madison County,Kentucky,"92,701","3,064","89,637","84,983","79,591","3,880",190,"1,006",56,260,"4,654"
Magoffin County,Kentucky,"11,637",66,"11,571","11,387","11,335",14,14,5,6,13,184
Marion County,Kentucky,"19,581",681,"18,900","18,211","16,779","1,209",0,123,47,53,689
Marshall County,Kentucky,"31,659",539,"31,120","30,041","29,697",101,60,129,9,45,"1,079"
Martin County,Kentucky,"11,287",290,"10,997","10,843","10,002",780,42,17,1,1,154
Mason County,Kentucky,"17,120",356,"16,764","15,973","14,777","1,017",29,107,0,43,791
Meade County,Kentucky,"30,003","1,133","28,870","27,407","25,912",952,132,217,73,121,"1,463"
Menifee County,Kentucky,"6,113",57,"6,056","5,920","5,873",30,12,2,2,1,136
Mercer County,Kentucky,"22,641",703,"21,938","21,058","20,100",748,40,74,14,82,880
Metcalfe County,Kentucky,"10,286",230,"10,056","9,777","9,620",114,3,7,0,33,279
Monroe County,Kentucky,"11,338",473,"10,865","10,651","10,389",218,9,10,0,25,214
Montgomery County,Kentucky,"28,114",925,"27,189","26,214","25,363",614,26,145,1,65,975
Morgan County,Kentucky,"13,726",417,"13,309","13,053","12,510",492,20,17,4,10,256
Muhlenberg County,Kentucky,"30,928",569,"30,359","29,594","28,204","1,203",64,58,3,62,765
Nelson County,Kentucky,"46,738","1,214","45,524","43,758","41,113","2,183",62,267,8,125,"1,766"
Nicholas County,Kentucky,"7,537",154,"7,383","7,198","7,124",41,10,7,2,14,185
Ohio County,Kentucky,"23,772",993,"22,779","22,154","21,872",155,26,45,2,54,625
Oldham County,Kentucky,"67,607","3,235","64,372","61,533","57,836","2,198",108,"1,160",17,214,"2,839"
Owen County,Kentucky,"11,278",251,"11,027","10,630","10,486",83,22,18,4,17,397
Owsley County,Kentucky,"4,051",42,"4,009","3,927","3,905",11,1,1,5,4,82
Pendleton County,Kentucky,"14,644",201,"14,443","13,985","13,833",56,21,30,3,42,458
Perry County,Kentucky,"28,473",221,"28,252","27,458","26,748",374,51,255,1,29,794
Pike County,Kentucky,"58,669",695,"57,974","56,660","55,635",485,68,369,11,92,"1,314"
Powell County,Kentucky,"13,129",197,"12,932","12,641","12,507",64,17,30,0,23,291
Pulaski County,Kentucky,"65,034","1,877","63,157","61,033","59,600",677,160,436,10,150,"2,124"
Robertson County,Kentucky,"2,193",19,"2,174","2,122","2,106",6,3,7,0,0,52
Rockcastle County,Kentucky,"16,037",172,"15,865","15,453","15,316",52,33,28,0,24,412
Rowan County,Kentucky,"24,662",541,"24,121","23,444","22,773",372,32,157,5,105,677
Russell County,Kentucky,"17,991",781,"17,210","16,798","16,497",113,58,104,3,23,412
Scott County,Kentucky,"57,155","3,103","54,052","51,458","47,704","2,907",56,587,19,185,"2,594"
Shelby County,Kentucky,"48,065","5,295","42,770","40,734","37,363","2,700",76,361,22,212,"2,036"
Simpson County,Kentucky,"19,594",648,"18,946","18,052","16,201","1,622",58,94,5,72,894
Spencer County,Kentucky,"19,490",450,"19,040","18,225","17,764",297,32,90,12,30,815
Taylor County,Kentucky,"26,023",720,"25,303","24,366","22,724","1,252",26,244,10,110,937
Todd County,Kentucky,"12,243",598,"11,645","11,197","10,234",880,14,22,6,41,448
Trigg County,Kentucky,"14,061",317,"13,744","13,253","12,202",950,34,27,6,34,491
Trimble County,Kentucky,"8,474",192,"8,282","8,010","7,914",28,29,27,4,8,272
Union County,Kentucky,"13,668",188,"13,480","12,930","11,802","1,029",27,32,1,39,550
Warren County,Kentucky,"134,554","9,441","125,113","119,369","97,744","12,804",235,"7,295",661,630,"5,744"
Washington County,Kentucky,"12,027",470,"11,557","11,169","10,397",652,25,38,5,52,388
Wayne County,Kentucky,"19,555",902,"18,653","18,210","17,872",228,28,60,5,17,443
Webster County,Kentucky,"13,017",845,"12,172","11,712","11,145",476,23,24,1,43,460
Whitley County,Kentucky,"36,712",687,"36,025","34,960","34,076",531,89,204,10,50,"1,065"
Wolfe County,Kentucky,"6,562",61,"6,501","6,412","6,356",27,9,5,0,15,89
Woodford County,Kentucky,"26,871","2,013","24,858","23,843","22,361","1,211",28,157,10,76,"1,015"
Ohio,Ohio,"11,799,448","521,308","11,278,140","10,776,578","8,954,135","1,457,180","18,949","296,604","4,493","45,217","501,562"
Adams County,Ohio,"27,477",217,"27,260","26,416","26,185",84,74,39,1,33,844
Allen County,Ohio,"102,206","3,272","98,934","93,817","79,691","12,475",233,835,42,541,"5,117"
Ashland County,Ohio,"52,447",862,"51,585","49,871","48,948",383,82,322,33,103,"1,714"
Ashtabula County,Ohio,"97,574","4,489","93,085","88,320","84,064","3,492",154,338,12,260,"4,765"
Athens County,Ohio,"62,431","1,450","60,981","58,544","54,086","2,768",223,"1,210",1,256,"2,437"
Auglaize County,Ohio,"46,422",781,"45,641","44,303","43,643",231,76,242,40,71,"1,338"
Belmont County,Ohio,"66,497",824,"65,673","63,096","60,536","2,071",83,265,11,130,"2,577"
Brown County,Ohio,"43,676",487,"43,189","41,620","41,053",302,68,84,2,111,"1,569"
Butler County,Ohio,"390,357","25,265","365,092","347,150","294,712","34,144",610,"15,658",480,"1,546","17,942"
Carroll County,Ohio,"26,721",299,"26,422","25,510","25,204",122,73,52,3,56,912
Champaign County,Ohio,"38,714",648,"38,066","36,347","35,314",683,79,125,7,139,"1,719"
Clark County,Ohio,"136,001","5,313","130,688","123,709","109,794","12,074",314,898,91,538,"6,979"
Clermont County,Ohio,"208,601","4,956","203,645","194,537","187,749","3,245",345,"2,529",58,611,"9,108"
Clinton County,Ohio,"42,018",765,"41,253","39,538","38,247",819,96,205,6,165,"1,715"
Columbiana County,Ohio,"101,877","1,752","100,125","96,287","93,466","2,082",161,345,16,217,"3,838"
Coshocton County,Ohio,"36,612",401,"36,211","35,180","34,582",389,57,98,7,47,"1,031"
Crawford County,Ohio,"42,025",638,"41,387","39,946","39,388",305,40,131,12,70,"1,441"
Cuyahoga County,Ohio,"1,264,817","83,327","1,181,490","1,135,482","718,753","365,169","1,827","43,739",249,"5,745","46,008"
Darke County,Ohio,"51,881",859,"51,022","49,717","48,994",302,92,181,26,122,"1,305"
Defiance County,Ohio,"38,286","3,950","34,336","33,189","32,276",598,79,133,15,88,"1,147"
Delaware County,Ohio,"214,124","7,012","207,112","198,405","171,420","7,702",242,"18,158",60,823,"8,707"
Erie County,Ohio,"75,622","3,130","72,492","68,553","61,061","6,655",121,474,10,232,"3,939"
Fairfield County,Ohio,"158,921","4,021","154,900","147,862","130,664","13,302",287,"3,063",31,515,"7,038"
Fayette County,Ohio,"28,951",681,"28,270","27,094","26,260",521,43,171,11,88,"1,176"
Franklin County,Ohio,"1,323,807","91,182","1,232,625","1,167,221","787,615","296,076","2,160","73,714",444,"7,212","65,404"
Fulton County,Ohio,"42,713","3,791","38,922","37,531","36,968",225,60,152,6,120,"1,391"
Gallia County,Ohio,"29,220",262,"28,958","27,839","26,955",597,55,148,5,79,"1,119"
Geauga County,Ohio,"95,397","1,664","93,733","90,963","88,958","1,075",36,666,8,220,"2,770"
Greene County,Ohio,"167,966","5,216","162,750","153,697","135,603","11,285",330,"5,516",87,876,"9,053"
Guernsey County,Ohio,"38,438",444,"37,994","36,545","35,717",520,87,149,7,65,"1,449"
Hamilton County,Ohio,"830,639","36,250","794,389","758,408","519,734","207,764","1,173","25,160",618,"3,959","35,981"
Hancock County,Ohio,"74,920","4,198","70,722","68,188","65,107","1,363",79,"1,393",26,220,"2,534"
Hardin County,Ohio,"30,696",697,"29,999","28,939","28,389",256,48,169,8,69,"1,060"
Harrison County,Ohio,"14,483",130,"14,353","13,737","13,425",234,14,40,6,18,616
Henry County,Ohio,"27,662","2,187","25,475","24,839","24,463",155,49,125,4,43,636
Highland County,Ohio,"43,317",424,"42,893","41,333","40,492",518,109,110,8,96,"1,560"
Hocking County,Ohio,"28,050",232,"27,818","26,810","26,502",139,45,71,0,53,"1,008"
Holmes County,Ohio,"44,223",474,"43,749","43,137","42,875",119,33,64,5,41,612
Huron County,Ohio,"58,565","4,084","54,481","52,277","51,242",562,139,216,12,106,"2,204"
Jackson County,Ohio,"32,653",306,"32,347","31,233","30,835",158,88,101,1,50,"1,114"
Jefferson County,Ohio,"65,249","1,159","64,090","60,884","56,545","3,619",109,338,29,244,"3,206"
Knox County,Ohio,"62,721","1,196","61,525","59,360","58,058",565,118,365,17,237,"2,165"
Lake County,Ohio,"232,603","11,362","221,241","211,980","197,069","10,778",236,"3,255",38,604,"9,261"
Lawrence County,Ohio,"58,240",618,"57,622","55,611","54,016","1,100",134,219,7,135,"2,011"
Licking County,Ohio,"178,519","3,988","174,531","166,294","152,935","7,142",386,"4,999",45,787,"8,237"
Logan County,Ohio,"46,150","1,004","45,146","43,024","41,749",673,83,327,11,181,"2,122"
Lorain County,Ohio,"312,964","32,917","280,047","265,641","237,520","22,980",502,"3,569",50,"1,020","14,406"
Lucas County,Ohio,"431,279","32,167","399,112","378,008","284,663","83,398",817,"7,089",115,"1,926","21,104"
Madison County,Ohio,"43,824","1,263","42,561","40,917","37,761","2,664",59,253,4,176,"1,644"
Mahoning County,Ohio,"228,614","14,093","214,521","205,911","169,090","33,770",332,"1,952",59,708,"8,610"
Marion County,Ohio,"65,359","1,956","63,403","60,845","56,114","4,051",140,358,15,167,"2,558"
Medina County,Ohio,"182,470","4,592","177,878","170,928","165,643","2,292",192,"2,184",28,589,"6,950"
Meigs County,Ohio,"22,210",172,"22,038","21,442","21,180",148,49,22,0,43,596
Mercer County,Ohio,"42,528",928,"41,600","40,837","39,752",191,63,189,564,78,763
Miami County,Ohio,"108,774","2,199","106,575","101,823","96,964","2,559",152,"1,644",21,483,"4,752"
Monroe County,Ohio,"13,385",67,"13,318","12,983","12,909",19,12,21,3,19,335
Montgomery County,Ohio,"537,309","21,179","516,130","489,697","360,396","112,818",937,"12,714",244,"2,588","26,433"
Morgan County,Ohio,"13,802",127,"13,675","13,016","12,525",396,20,24,2,49,659
Morrow County,Ohio,"34,950",580,"34,370","33,173","32,773",153,56,90,8,93,"1,197"
Muskingum County,Ohio,"86,410","1,055","85,355","80,840","76,947","2,985",138,384,8,378,"4,515"
Noble County,Ohio,"14,115",173,"13,942","13,656","12,840",752,31,22,0,11,286
Ottawa County,Ohio,"40,364","2,059","38,305","37,073","36,436",335,47,157,6,92,"1,232"
Paulding County,Ohio,"18,806","1,010","17,796","17,248","16,972",139,41,30,5,61,548
Perry County,Ohio,"35,408",252,"35,156","33,931","33,595",90,94,67,0,85,"1,225"
Pickaway County,Ohio,"58,539",903,"57,636","55,150","52,416","2,143",131,296,11,153,"2,486"
Pike County,Ohio,"27,088",219,"26,869","25,890","25,470",190,110,70,6,44,979
Portage County,Ohio,"161,791","3,505","158,286","150,937","138,774","7,934",233,"3,400",38,558,"7,349"
Preble County,Ohio,"40,999",386,"40,613","39,230","38,700",182,84,162,4,98,"1,383"
Putnam County,Ohio,"34,451","2,229","32,222","31,677","31,427",100,25,61,3,61,545
Richland County,Ohio,"124,936","2,615","122,321","116,961","104,231","11,216",192,791,58,473,"5,360"
Ross County,Ohio,"77,093","1,031","76,062","72,484","67,705","4,005",189,369,20,196,"3,578"
Sandusky County,Ohio,"58,896","6,055","52,841","50,424","48,219","1,762",75,202,7,159,"2,417"
Scioto County,Ohio,"74,008","1,052","72,956","70,316","67,531","2,038",254,274,9,210,"2,640"
Seneca County,Ohio,"55,069","2,899","52,170","50,146","48,213","1,314",66,359,36,158,"2,024"
Shelby County,Ohio,"48,230",787,"47,443","45,654","44,067",839,81,450,29,188,"1,789"
Stark County,Ohio,"374,853","10,516","364,337","344,902","310,535","28,723",721,"3,175",97,"1,651","19,435"
Summit County,Ohio,"540,428","13,206","527,222","501,986","397,536","78,922",777,"22,506",149,"2,096","25,236"
Trumbull County,Ohio,"201,977","4,179","197,798","188,550","169,627","16,940",249,"1,099",26,609,"9,248"
Tuscarawas County,Ohio,"93,263","3,962","89,301","86,297","84,979",697,117,306,29,169,"3,004"
Union County,Ohio,"62,784","1,534","61,250","58,899","53,287","1,275",93,"4,043",0,201,"2,351"
Van Wert County,Ohio,"28,931","1,097","27,834","26,941","26,467",257,37,88,13,79,893
Vinton County,Ohio,"12,800",84,"12,716","12,311","12,213",43,19,22,0,14,405
Warren County,Ohio,"242,337","7,738","234,599","224,830","198,227","8,175",288,"17,278",158,704,"9,769"
Washington County,Ohio,"59,771",717,"59,054","56,852","55,663",600,114,309,8,158,"2,202"
Wayne County,Ohio,"116,894","2,755","114,139","110,092","106,930","1,755",142,950,32,283,"4,047"
Williams County,Ohio,"37,102","1,862","35,240","34,151","33,483",323,55,198,0,92,"1,089"
Wood County,Ohio,"132,248","8,280","123,968","118,835","112,493","3,089",164,"2,750",9,330,"5,133"
Wyandot County,Ohio,"21,900",641,"21,259","20,751","20,520",77,21,85,3,45,508
Tennessee,Tennessee,"6,910,840","479,187","6,431,653","6,161,430","4,900,246","1,083,772","15,539","134,302","3,594","23,977","270,223"
Anderson County,Tennessee,"77,123","2,820","74,303","70,402","66,044","2,841",217,975,53,272,"3,901"
Bedford County,Tennessee,"50,237","7,665","42,572","40,679","36,499","3,563",127,337,13,140,"1,893"
Benton County,Tennessee,"15,864",375,"15,489","14,885","14,378",316,50,107,4,30,604
Bledsoe County,Tennessee,"14,913",459,"14,454","13,997","13,129",781,48,37,0,2,457
Blount County,Tennessee,"135,280","5,709","129,571","123,585","117,952","3,552",339,"1,280",23,439,"5,986"
Bradley County,Tennessee,"108,620","8,461","100,159","94,859","87,830","5,105",271,"1,188",117,348,"5,300"
Campbell County,Tennessee,"39,272",500,"38,772","37,489","37,101",130,77,94,0,87,"1,283"
Cannon County,Tennessee,"14,506",395,"14,111","13,364","13,064",192,25,38,4,41,747
Carroll County,Tennessee,"28,440",769,"27,671","26,497","23,744","2,445",75,124,5,104,"1,174"
Carter County,Tennessee,"56,356","1,181","55,175","52,991","51,790",702,153,231,7,108,"2,184"
Cheatham County,Tennessee,"41,072","1,839","39,233","37,542","36,299",815,92,184,25,127,"1,691"
Chester County,Tennessee,"17,341",528,"16,813","16,149","14,471","1,494",52,70,0,62,664
Claiborne County,Tennessee,"32,043",490,"31,553","30,584","29,966",314,58,148,11,87,969
Clay County,Tennessee,"7,581",130,"7,451","7,305","7,202",76,17,5,1,4,146
Cocke County,Tennessee,"35,999",954,"35,045","33,646","32,733",582,126,150,9,46,"1,399"
Coffee County,Tennessee,"57,889","3,259","54,630","52,044","48,983","2,097",145,611,37,171,"2,586"
Crockett County,Tennessee,"13,911","1,498","12,413","12,030","10,056","1,879",19,25,1,50,383
Cumberland County,Tennessee,"61,145","1,936","59,209","57,222","56,313",299,130,366,12,102,"1,987"
Davidson County,Tennessee,"715,884","98,119","617,765","590,806","386,835","171,489","1,309","27,660",303,"3,210","26,959"
Decatur County,Tennessee,"11,435",358,"11,077","10,803","10,462",270,9,42,5,15,274
DeKalb County,Tennessee,"20,080","1,449","18,631","17,938","17,526",234,44,76,5,53,693
Dickson County,Tennessee,"54,315","2,582","51,733","49,580","46,994","1,931",181,310,4,160,"2,153"
Dyer County,Tennessee,"36,801","1,303","35,498","34,012","28,272","5,335",81,213,11,100,"1,486"
Fayette County,Tennessee,"41,990","1,430","40,560","39,100","27,558","11,038",59,269,18,158,"1,460"
Fentress County,Tennessee,"18,489",316,"18,173","17,643","17,541",25,26,33,0,18,530
Franklin County,Tennessee,"42,774","1,502","41,272","39,545","36,864","1,962",117,348,17,237,"1,727"
Gibson County,Tennessee,"50,429","1,439","48,990","47,283","37,930","8,929",97,200,15,112,"1,707"
Giles County,Tennessee,"30,346",728,"29,618","28,220","24,920","2,927",113,176,9,75,"1,398"
Grainger County,Tennessee,"23,527",773,"22,754","21,996","21,748",118,42,53,2,33,758
Greene County,Tennessee,"70,152","2,535","67,617","65,100","63,143","1,308",142,299,14,194,"2,517"
Grundy County,Tennessee,"13,529",175,"13,354","12,757","12,620",38,33,44,0,22,597
Hamblen County,Tennessee,"64,499","9,483","55,016","52,565","49,197","2,106",130,712,268,152,"2,451"
Hamilton County,Tennessee,"366,207","27,075","339,132","324,227","249,939","63,979",770,"8,139",131,"1,269","14,905"
Hancock County,Tennessee,"6,662",40,"6,622","6,461","6,391",33,25,1,0,11,161
Hardeman County,Tennessee,"25,462",494,"24,968","24,402","13,970","10,150",46,162,6,68,566
Hardin County,Tennessee,"26,831",565,"26,266","25,359","24,272",805,81,148,0,53,907
Hawkins County,Tennessee,"56,721",889,"55,832","53,978","52,824",671,104,256,13,110,"1,854"
Haywood County,Tennessee,"17,864",838,"17,026","16,668","7,554","8,993",33,26,6,56,358
Henderson County,Tennessee,"27,842",719,"27,123","26,047","23,890","1,931",53,90,2,81,"1,076"
Henry County,Tennessee,"32,199",877,"31,322","29,967","27,250","2,307",76,202,7,125,"1,355"
Hickman County,Tennessee,"24,925",681,"24,244","23,244","22,086",931,101,72,1,53,"1,000"
Houston County,Tennessee,"8,283",202,"8,081","7,787","7,491",200,32,16,8,40,294
Humphreys County,Tennessee,"18,990",449,"18,541","17,770","17,102",494,43,57,0,74,771
Jackson County,Tennessee,"11,617",245,"11,372","10,889","10,778",31,35,17,0,28,483
Jefferson County,Tennessee,"54,683","2,392","52,291","50,355","48,975",787,159,257,20,157,"1,936"
Johnson County,Tennessee,"17,948",516,"17,432","16,922","16,126",724,28,27,9,8,510
Knox County,Tennessee,"478,971","28,568","450,403","428,679","373,790","39,853","1,079","11,881",300,"1,776","21,724"
Lake County,Tennessee,"7,005",175,"6,830","6,624","4,755","1,832",15,12,5,5,206
Lauderdale County,Tennessee,"25,143",587,"24,556","23,649","15,016","8,385",133,53,0,62,907
Lawrence County,Tennessee,"44,159","1,117","43,042","41,442","40,368",694,92,167,1,120,"1,600"
Lewis County,Tennessee,"12,582",326,"12,256","11,821","11,510",184,31,55,5,36,435
Lincoln County,Tennessee,"35,319","1,268","34,051","32,392","29,803","2,198",116,178,16,81,"1,659"
Loudon County,Tennessee,"54,886","5,356","49,530","47,705","46,419",578,95,450,2,161,"1,825"
McMinn County,Tennessee,"53,276","2,161","51,115","48,529","45,993","1,842",140,430,17,107,"2,586"
McNairy County,Tennessee,"25,866",438,"25,428","24,576","22,847","1,545",55,78,0,51,852
Macon County,Tennessee,"25,216","1,684","23,532","22,705","22,439",120,60,44,8,34,827
Madison County,Tennessee,"98,823","4,722","94,101","90,875","53,264","35,837",175,"1,227",13,359,"3,226"
Marion County,Tennessee,"28,837",601,"28,236","27,018","25,689","1,033",93,148,2,53,"1,218"
Marshall County,Tennessee,"34,318","2,235","32,083","30,618","28,255","2,018",103,142,7,93,"1,465"
Maury County,Tennessee,"100,974","7,660","93,314","89,033","76,182","11,241",248,934,45,383,"4,281"
Meigs County,Tennessee,"12,758",220,"12,538","12,077","11,823",131,58,26,1,38,461
Monroe County,Tennessee,"46,250","1,937","44,313","42,343","41,185",736,141,194,2,85,"1,970"
Montgomery County,Tennessee,"220,069","22,934","197,135","182,582","131,294","43,349",757,"5,039",936,"1,207","14,553"
Moore County,Tennessee,"6,461",101,"6,360","6,159","5,999",103,17,29,1,10,201
Morgan County,Tennessee,"21,035",299,"20,736","20,167","19,029",971,54,41,8,64,569
Obion County,Tennessee,"30,787","1,574","29,213","28,093","24,736","3,137",50,103,0,67,"1,120"
Overton County,Tennessee,"22,511",344,"22,167","21,461","21,223",86,60,61,0,31,706
Perry County,Tennessee,"8,366",127,"8,239","7,984","7,700",195,41,26,1,21,255
Pickett County,Tennessee,"5,001",83,"4,918","4,848","4,811",8,8,15,1,5,70
Polk County,Tennessee,"17,544",297,"17,247","16,499","16,313",61,59,33,10,23,748
Putnam County,Tennessee,"79,854","6,256","73,598","70,402","66,782","2,161",161,"1,086",33,179,"3,196"
Rhea County,Tennessee,"32,870","1,960","30,910","29,609","28,641",598,100,195,6,69,"1,301"
Roane County,Tennessee,"53,404","1,011","52,393","50,074","48,094","1,302",161,341,19,157,"2,319"
Robertson County,Tennessee,"72,803","6,878","65,925","62,993","57,049","5,091",139,447,21,246,"2,932"
Rutherford County,Tennessee,"341,486","38,317","303,169","287,508","219,194","53,270",789,"12,394",219,"1,642","15,661"
Scott County,Tennessee,"21,850",205,"21,645","21,082","20,957",32,36,51,0,6,563
Sequatchie County,Tennessee,"15,826",621,"15,205","14,641","14,409",72,49,65,4,42,564
Sevier County,Tennessee,"98,380","8,614","89,766","86,260","83,801",766,312,"1,103",24,254,"3,506"
Shelby County,Tennessee,"929,744","77,707","852,037","825,205","316,740","475,074","1,561","27,960",256,"3,614","26,832"
Smith County,Tennessee,"19,904",518,"19,386","18,575","18,054",356,61,84,0,20,811
Stewart County,Tennessee,"13,657",336,"13,321","12,689","12,321",171,74,76,2,45,632
Sullivan County,Tennessee,"158,163","3,548","154,615","148,664","143,354","3,197",350,"1,270",36,457,"5,951"
Sumner County,Tennessee,"196,281","12,870","183,411","174,885","155,169","15,537",476,"2,932",116,655,"8,526"
Tipton County,Tennessee,"60,970","1,686","59,284","56,487","44,925","10,760",180,393,39,190,"2,797"
Trousdale County,Tennessee,"11,615",375,"11,240","10,776","8,786","1,917",26,27,0,20,464
Unicoi County,Tennessee,"17,928","1,107","16,821","16,315","16,175",44,38,37,0,21,506
Union County,Tennessee,"19,802",404,"19,398","18,810","18,642",53,33,36,5,41,588
Van Buren County,Tennessee,"6,168",83,"6,085","5,904","5,866",20,7,10,1,0,181
Warren County,Tennessee,"40,953","3,943","37,010","35,560","33,980","1,090",84,258,10,138,"1,450"
Washington County,Tennessee,"133,001","6,136","126,865","121,045","112,606","5,511",289,"1,980",53,606,"5,820"
Wayne County,Tennessee,"16,232",379,"15,853","15,481","14,503",878,18,27,1,54,372
Weakley County,Tennessee,"32,902",905,"31,997","30,732","27,813","2,593",52,192,3,79,"1,265"
White County,Tennessee,"27,351",736,"26,615","25,511","24,833",405,75,132,10,56,"1,104"
Williamson County,Tennessee,"247,726","14,261","233,465","224,524","200,408","9,709",393,"12,879",115,"1,020","8,941"
Wilson County,Tennessee,"147,737","8,375","139,362","133,125","118,889","10,099",405,"3,086",44,602,"6,237"
West Virginia,West Virginia,"1,793,716","34,827","1,758,889","1,686,754","1,598,834","64,749","3,187","14,903",429,"4,652","72,135"
Barbour County,West Virginia,"15,465",192,"15,273","14,717","14,379",259,37,32,0,10,556
Berkeley County,West Virginia,"122,076","6,893","115,183","107,960","96,559","9,118",284,"1,445",43,511,"7,223"
Boone County,West Virginia,"21,809",133,"21,676","20,942","20,712",135,39,36,2,18,734
Braxton County,West Virginia,"12,447",85,"12,362","12,057","11,939",50,19,23,11,15,305
Brooke County,West Virginia,"22,559",287,"22,272","21,318","20,792",365,36,55,0,70,954
Cabell County,West Virginia,"94,350","1,562","92,788","88,677","82,095","4,751",185,"1,328",20,298,"4,111"
Calhoun County,West Virginia,"6,229",48,"6,181","6,017","5,976",13,12,12,2,2,164
Clay County,West Virginia,"8,051",52,"7,999","7,705","7,651",11,29,13,0,1,294
Doddridge County,West Virginia,"7,808",77,"7,731","7,509","7,290",174,15,15,0,15,222
Fayette County,West Virginia,"40,488",525,"39,963","38,290","36,308","1,662",100,105,1,114,"1,673"
Gilmer County,West Virginia,"7,408",244,"7,164","6,991","6,026",923,11,30,0,1,173
Grant County,West Virginia,"10,976",91,"10,885","10,611","10,463",83,21,24,0,20,274
Greenbrier County,West Virginia,"32,977",571,"32,406","31,305","30,199",766,55,192,5,88,"1,101"
Hampshire County,West Virginia,"23,093",337,"22,756","22,002","21,655",178,30,61,4,74,754
Hancock County,West Virginia,"29,095",424,"28,671","27,402","26,484",695,31,110,8,74,"1,269"
Hardy County,West Virginia,"14,299",659,"13,640","13,188","12,685",403,16,53,0,31,452
Harrison County,West Virginia,"65,921","1,403","64,518","61,770","59,862","1,104",135,489,28,152,"2,748"
Jackson County,West Virginia,"27,791",230,"27,561","26,709","26,411",100,43,91,2,62,852
Jefferson County,West Virginia,"57,701","4,137","53,564","50,398","45,784","3,379",104,817,10,304,"3,166"
Kanawha County,West Virginia,"180,745","2,720","178,025","169,426","152,735","13,416",357,"2,138",47,733,"8,599"
Lewis County,West Virginia,"17,033",191,"16,842","16,261","16,088",66,19,58,7,23,581
Lincoln County,West Virginia,"20,463",171,"20,292","19,815","19,702",44,22,26,0,21,477
Logan County,West Virginia,"32,567",224,"32,343","31,504","30,785",580,41,63,1,34,839
McDowell County,West Virginia,"19,111",390,"18,721","18,099","15,871","2,139",20,20,4,45,622
Marion County,West Virginia,"56,205",875,"55,330","52,601","50,223","1,844",119,256,43,116,"2,729"
Marshall County,West Virginia,"30,591",354,"30,237","29,142","28,669",260,34,108,7,64,"1,095"
Mason County,West Virginia,"25,453",170,"25,283","24,646","24,322",193,32,74,5,20,637
Mercer County,West Virginia,"59,664",705,"58,959","56,554","52,264","3,694",159,292,6,139,"2,405"
Mineral County,West Virginia,"26,938",309,"26,629","25,518","24,603",711,36,113,5,50,"1,111"
Mingo County,West Virginia,"23,568",164,"23,404","22,796","22,293",405,33,32,0,33,608
Monongalia County,West Virginia,"105,822","3,308","102,514","97,348","88,959","4,068",147,"3,729",63,382,"5,166"
Monroe County,West Virginia,"12,376",94,"12,282","11,919","11,739",113,26,11,0,30,363
Morgan County,West Virginia,"17,063",236,"16,827","16,170","15,896",108,30,83,0,53,657
Nicholas County,West Virginia,"24,604",173,"24,431","23,719","23,525",56,44,72,7,15,712
Ohio County,West Virginia,"42,425",647,"41,778","39,823","37,559","1,656",67,387,20,134,"1,955"
Pendleton County,West Virginia,"6,143",57,"6,086","5,938","5,835",81,7,0,2,13,148
Pleasants County,West Virginia,"7,653",63,"7,590","7,359","7,215",95,22,17,0,10,231
Pocahontas County,West Virginia,"7,869",107,"7,762","7,563","7,455",51,23,9,0,25,199
Preston County,West Virginia,"34,216",695,"33,521","32,513","30,348","2,001",69,53,5,37,"1,008"
Putnam County,West Virginia,"57,440",811,"56,629","54,602","53,139",646,81,577,7,152,"2,027"
Raleigh County,West Virginia,"74,591","1,197","73,394","70,423","63,510","5,790",132,819,16,156,"2,971"
Randolph County,West Virginia,"27,932",312,"27,620","26,695","26,033",424,56,96,1,85,925
Ritchie County,West Virginia,"8,444",80,"8,364","8,172","8,116",16,6,19,7,8,192
Roane County,West Virginia,"14,028",152,"13,876","13,341","13,231",35,28,38,0,9,535
Summers County,West Virginia,"11,959",185,"11,774","11,310","10,823",400,33,33,0,21,464
Taylor County,West Virginia,"16,705",179,"16,526","15,830","15,636",112,19,41,0,22,696
Tucker County,West Virginia,"6,762",56,"6,706","6,473","6,432",20,4,6,1,10,233
Tyler County,West Virginia,"8,313",53,"8,260","7,999","7,964",4,15,3,0,13,261
Upshur County,West Virginia,"23,816",316,"23,500","22,717","22,349",211,37,87,5,28,783
Wayne County,West Virginia,"38,982",319,"38,663","37,569","37,199",168,53,83,10,56,"1,094"
Webster County,West Virginia,"8,378",50,"8,328","8,123","8,086",10,14,4,2,7,205
Wetzel County,West Virginia,"14,442",148,"14,294","13,817","13,704",34,18,50,0,11,477
Wirt County,West Virginia,"5,194",22,"5,172","5,021","4,999",6,4,0,4,8,151
Wood County,West Virginia,"84,296","1,174","83,122","79,672","77,718","1,016",148,564,17,209,"3,450"
Wyoming County,West Virginia,"21,382",170,"21,212","20,708","20,539",107,30,11,1,20,504
