Central,,,,,North East,,
,bjs,sams,,,,bjs,sams
West Virginia ,none,,,,Delaware,done,
Tennessee,done,,,,Connecticut,done,
Ohio,done,,,,,,
Kentucky,none,,,,,,
,,,,,,,
,,,,,,,
,,,,,,,
,,,,,,,
,,,,,,,
,,,,,,,
,,,,,,,
Competitor,Address,City,Metro Area,State,ZipCode,,
BJ's Wholesale Club,"1677 Home Avenue
",Akron,Akron,OH ,44310,,
BJ's Wholesale Club,38292 Colorado Avenue,Avon,Cleveland,OH ,44011,,
BJ's Wholesale Club,8425 Orange Centre Drive,Lewis Center,Columbus,OH ,43035,,
BJ's Wholesale Club,6944 W. 130th Street,Middleburg Heights,Cleveland,OH ,44130,,
BJ's Wholesale Club,5900 N. Hamilton Road,New Albany,Columbus,OH ,43054,,
BJ's Wholesale Club,6924 Frank Avenue NW,North Canton,Akron,OH ,44720,,
BJ's Wholesale Club,4365 Richmond Road,Warrensville Height,Cleveland,OH ,44122,,
BJ's Wholesale Club,36595 Euclid Avenue,Willoughby,Cleveland,OH ,44094,,
BJ's Wholesale Club,800 Rivergate Parkway,Goodlettsville,Nashville,TN,37072,,
BJ's Wholesale Club,543 Industrial Boulevard,La Vergne ,Nashville,TN,37086,,
BJ's Wholesale Club,181 Adams Lane,Mount Juliet,Nashville,TN,37122,,
BJ's Wholesale Club,106 Federal Road,Brookfield,Danbury,CT,06804,,
BJ's Wholesale Club,20 Division Street,Derby,New Haven,CT,06418,,
BJ's Wholesale Club,955 Ferry Boulevard,Stratford,New Haven,CT,06614,,
BJ's Wholesale Club,555 Universal Drive,North Haven,New Haven,CT,06473,,
BJ's Wholesale Club,40 Black Rock Turnpike,Fairfield,Fairfield,CT,06825,,
BJ's Wholesale Club,344 Reidville Drive,Waterbury,New Haven,CT,06705,,
BJ's Wholesale Club,1046 North Colony Road,Wallingford,New Haven,CT,06492,,
BJ's Wholesale Club,106 Federal Road,Brookfield,Brookfield,CT,06804,,
BJ's Wholesale Club,75 Spring Street,Southington,Hartford,CT,06489,,
BJ's Wholesale Club,507 New Park Avenue,West Hartford,Hartford,CT,06110,,
BJ's Wholesale Club,1280 East Main Street,Torrington,Litchfield,CT,06790,,
BJ's Wholesale Club,1046 Tolland Turnpike ,Manchester,Hartford,CT,06042,,
BJ's Wholesale Club,1589 Main Street,Willimantic,Windham,CT,06226,,
BJ's Wholesale Club,2131 Kirkwood Highway,Wilmington,Wilmington,DE,19805,,
BJ's Wholesale Club,124 Sunset Boulevard,New Castle,Wilmington,DE,19720,,
BJ's Wholesale Club,100 Pencader Plaza ,Newark,Wilmington,DE,19713,,
Sam's Club,,,,,,,
Sam's Club,,,,,,,
Sam's Club,,,,,,,
Sam's Club,,,,,,,
Sam's Club,,,,,,,
Sam's Club,,,,,,,
Sam's Club,,,,,,,
Sam's Club,,,,,,,
Sam's Club,,,,,,,
,,,,,,,
,,,,,,,
,,,,,,,
,,,,,,,
,,,,,,,
,,,,,,,
,,,,,,,
